mmsi,vessel_name,flag,vessel_type,length_m,gear_type,total_visits,total_hours_in_mpa,mean_speed_knots,max_speed_knots,speed_std_knots,visits_with_fishing,visits_with_dark_periods,total_violations,weighted_violations,critical_count,high_count,medium_count,low_count,violation_types,dark_events,total_dark_hours,avg_dark_hours,gap_events,total_gap_hours,violation_score,dark_vessel_score_norm,fishing_score,repeat_visit_score,anomaly_score,is_anomaly,flag_state_risk,composite_risk_score,risk_category
273250200,LAZURNYY,RUS,TRAWLERS,,,1,367.4975,0.0,0.0,0,1,1,46,46.0,46,0,0,0,ILLEGAL_FISHING,45,7200.4915760875,0.0,45,7200.4915760875,1.0,1.0,1.0,0.1,0.0,0,0.85,0.7375,HIGH
273258100,STARYY ARBAT,RUS,TRAWLERS,,,1,349.661111111111,0.0,0.0,0,1,1,44,44.0,44,0,0,0,ILLEGAL_FISHING,43,7914.285732318889,0.0,43,7914.285732318889,1.0,1.0,1.0,0.1,0.0,0,0.85,0.7375,HIGH
273259100,Unknown,RUS,TRAWLERS,,,1,387.96277777777755,0.0,0.0,0,1,1,48,48.0,48,0,0,0,ILLEGAL_FISHING,47,7516.119780096945,0.0,47,7516.119780096945,1.0,1.0,1.0,0.1,0.0,0,0.85,0.7375,HIGH
431613000,KINEIMARU NO.88,JPN,DRIFTING_LONGLINES,,,1,341.1547222222222,0.0,0.0,0,1,1,43,43.0,43,0,0,0,ILLEGAL_FISHING,42,7730.779108523333,0.0,42,7730.779108523333,1.0,1.0,1.0,0.1,0.0,0,0.35,0.6625,HIGH
432943000,"KAIO MARU NO,81",JPN,DRIFTING_LONGLINES,,,1,320.0011111111109,0.0,0.0,0,1,1,40,40.0,40,0,0,0,ILLEGAL_FISHING,39,8111.998916666666,0.0,39,8111.998916666666,1.0,1.0,1.0,0.1,0.0,0,0.35,0.6625,HIGH
431022000,CHOKYU MARU NO.21,JPN,DRIFTING_LONGLINES,,,1,263.58305555555563,0.0,0.0,0,1,1,33,33.0,33,0,0,0,ILLEGAL_FISHING,32,8192.40430976,0.0,32,8192.40430976,1.0,1.0,1.0,0.1,0.0,0,0.35,0.6625,HIGH
432346000,KINEIMARU NO.138-99%,JPN,DRIFTING_LONGLINES,,,1,203.62972222222226,0.0,0.0,0,1,1,25,25.0,25,0,0,0,ILLEGAL_FISHING,24,7868.515466666667,0.0,24,7868.515466666667,1.0,1.0,1.0,0.1,0.0,0,0.35,0.6625,HIGH
431047000,TAKATOYO MARU NO.88,JPN,DRIFTING_LONGLINES,,,1,200.4683333333333,0.0,0.0,0,1,1,25,25.0,25,0,0,0,ILLEGAL_FISHING,24,7871.5504,0.0,24,7871.5504,1.0,1.0,1.0,0.1,0.0,0,0.35,0.6625,HIGH
251206000,HOFFELL SU,ISL,TRAWLERS,,,1,200.69305555555553,0.0,0.0,0,1,1,25,25.0,25,0,0,0,ILLEGAL_FISHING,24,7871.334666666667,0.0,24,7871.334666666667,1.0,1.0,1.0,0.1,0.0,0,0.3,0.655,HIGH
251407000,BEITIR NK-123,ISL,TRAWLERS,,,1,244.86666666666676,0.0,0.0,0,1,1,31,31.0,31,0,0,0,ILLEGAL_FISHING,30,7683.032258066667,0.0,30,7683.032258066667,1.0,1.0,1.0,0.1,0.0,0,0.3,0.655,HIGH
261084090,Unknown,POL,TRAWLERS,,,1,193.31833333333338,0.0,0.0,0,1,1,24,15.6,0,24,0,0,ILLEGAL_FISHING,23,8094.736597222222,0.0,23,8094.736597222222,1.0,1.0,0.966591666666667,0.1,0.0,0,0.35,0.6541,HIGH
231400000,NORDINGUR,FRO,TRAWLERS,,,1,197.89027777777778,0.0,0.0,0,1,1,25,16.25,0,25,0,0,ILLEGAL_FISHING,24,7874.025333333333,0.0,24,7874.025333333333,1.0,1.0,0.989451388888889,0.1,0.0,0,0.3,0.6524,HIGH
431984000,Unknown,JPN,DRIFTING_LONGLINES,,,1,191.87861111111098,0.0,0.0,0,1,1,24,15.6,0,24,0,0,ILLEGAL_FISHING,23,8096.116331016389,0.0,23,8096.116331016389,1.0,1.0,0.9593930555555549,0.1,0.0,0,0.35,0.6523,HIGH
231101000,Unknown,FRO,TRAWLERS,,,1,196.49944444444452,0.0,0.0,0,1,1,25,16.25,0,25,0,0,ILLEGAL_FISHING,24,7875.3605333333335,0.0,24,7875.3605333333335,1.0,1.0,0.9824972222222226,0.1,0.0,0,0.3,0.6506,HIGH
246429000,WILLEM VAN DER ZWAN,NLD,TRAWLERS,,,1,234.39972222222235,0.0,0.0,0,1,1,29,29.0,29,0,0,0,ILLEGAL_FISHING,28,7837.683026817778,0.0,28,7837.683026817778,1.0,1.0,1.0,0.1,0.0,0,0.2,0.64,HIGH
211315870,PESORSA CUATRO,DEU,TRAWLERS,,,1,315.53277777777765,0.0,0.0,0,1,1,39,39.0,39,0,0,0,ILLEGAL_FISHING,38,7900.557806268889,0.0,38,7900.557806268889,1.0,1.0,1.0,0.1,0.0,0,0.2,0.64,HIGH
431200520,KAIO MARU NO.108,JPN,DRIFTING_LONGLINES,,,1,156.6477777777778,0.0,0.0,0,1,1,20,13.0,0,20,0,0,ILLEGAL_FISHING,19,8059.184611111111,0.0,19,8059.184611111111,1.0,1.0,0.783238888888889,0.1,0.0,0,0.35,0.6083,HIGH
218066000,MAARTJE THEADORA,DEU,TRAWLERS,,,1,167.32999999999998,0.0,0.0,0,1,1,21,13.65,0,21,0,0,ILLEGAL_FISHING,20,8000.638095238889,0.0,20,8000.638095238889,1.0,1.0,0.8366499999999999,0.1,0.0,0,0.2,0.5992,HIGH
431813000,CHIYOMARU NO.28,JPN,DRIFTING_LONGLINES,,,1,147.9269444444445,0.0,0.0,0,1,1,18,11.7,0,18,0,0,ILLEGAL_FISHING,17,8020.291219135278,0.0,17,8020.291219135278,1.0,1.0,0.7396347222222225,0.1,0.0,0,0.35,0.5974,HIGH
231039000,BORGARIN,FRO,TRAWLERS,,,1,143.1455555555555,0.0,0.0,0,1,1,18,11.7,0,18,0,0,ILLEGAL_FISHING,17,8024.806975309167,0.0,17,8024.806975309167,1.0,1.0,0.7157277777777774,0.1,0.0,0,0.3,0.5839,HIGH
231838000,GOTUNES,FRO,TRAWLERS,,,1,142.24666666666673,0.0,0.0,0,1,1,18,11.7,0,18,0,0,ILLEGAL_FISHING,17,8025.6559259275,0.0,17,8025.6559259275,1.0,1.0,0.7112333333333336,0.1,0.0,0,0.3,0.5828,HIGH
431206000,KINSAI MARU NO.68,JPN,DRIFTING_LONGLINES,,,1,132.07527777777776,0.0,0.0,0,1,1,17,11.05,0,17,0,0,ILLEGAL_FISHING,16,7939.693856208889,0.0,16,7939.693856208889,1.0,1.0,0.6603763888888888,0.1,0.0,0,0.35,0.5776,HIGH
231091000,Unknown,FRO,TRAWLERS,,,1,134.29638888888894,0.0,0.0,0,1,1,17,11.05,0,17,0,0,ILLEGAL_FISHING,16,7937.6033986933335,0.0,16,7937.6033986933335,1.0,1.0,0.6714819444444448,0.1,0.0,0,0.3,0.5729,HIGH
432503000,RYOAN MARU NO15,JPN,DRIFTING_LONGLINES,,,1,124.1536111111111,0.0,0.0,0,1,1,16,10.4,0,16,0,0,ILLEGAL_FISHING,15,7803.605989583333,0.0,15,7803.605989583333,1.0,1.0,0.6207680555555555,0.1,0.0,0,0.35,0.5677,HIGH
251458000,Unknown,ISL,TRAWLERS,,,1,125.1655555555556,0.0,0.0,0,1,1,16,10.4,0,16,0,0,ILLEGAL_FISHING,15,7802.657291666666,0.0,15,7802.657291666666,1.0,1.0,0.625827777777778,0.1,0.0,0,0.3,0.5615,HIGH
257688000,GARDAR,NOR,OTHER_PURSE_SEINES,,,1,118.42194444444446,0.0,0.0,0,1,1,15,9.75,0,15,0,0,ILLEGAL_FISHING,14,7953.472851850555,0.0,14,7953.472851850555,0.975,1.0,0.5921097222222224,0.1,0.0,0,0.25,0.5405,HIGH
261001225,ALINA,POL,TRAWLERS,,,1,106.6202777777778,0.0,0.0,0,1,1,13,8.45,0,13,0,0,ILLEGAL_FISHING,12,7965.58128205,0.0,12,7965.58128205,0.845,1.0,0.533101388888889,0.1,0.0,0,0.35,0.5148,HIGH
258381000,Unknown,NOR,OTHER_PURSE_SEINES,,,1,100.23916666666672,0.0,0.0,0,1,1,13,8.45,0,13,0,0,ILLEGAL_FISHING,12,7971.47153846,0.0,12,7971.47153846,0.845,1.0,0.5011958333333336,0.1,0.0,0,0.25,0.4918,MEDIUM
245811000,AFRIKA,NLD,TRAWLERS,,,1,102.07055555555554,0.0,0.0,0,1,1,13,8.45,0,13,0,0,ILLEGAL_FISHING,12,7969.78102564,0.0,12,7969.78102564,0.845,1.0,0.5103527777777778,0.1,0.0,0,0.2,0.4866,MEDIUM
725005597,TALBOR,CHL,FISHING,,,1,94.97305555555559,0.0,0.0,0,1,1,12,4.2,0,0,12,0,ILLEGAL_FISHING,11,7832.941365739723,0.0,11,7832.941365739723,0.42000000000000004,1.0,0.4748652777777779,0.1,0.0,0,0.45,0.4302,MEDIUM
277330000,MARGIRIS,LTU,TRAWLERS,,,1,96.49222222222222,0.0,0.0,0,1,1,12,4.2,0,0,12,0,ILLEGAL_FISHING,11,7831.5487962952775,0.0,11,7831.5487962952775,0.42000000000000004,1.0,0.4824611111111111,0.1,0.0,0,0.4,0.4246,MEDIUM
725005381,CENTINELA I,CHL,OTHER_PURSE_SEINES,,,1,88.3727777777778,0.0,0.0,0,1,1,11,3.85,0,0,11,0,ILLEGAL_FISHING,10,7839.6611111111115,0.0,10,7839.6611111111115,0.385,1.0,0.441863888888889,0.1,0.0,0,0.45,0.415,MEDIUM
257997000,KVANNOY,NOR,OTHER_PURSE_SEINES,,,1,95.53555555555553,0.0,0.0,0,1,1,12,4.2,0,0,12,0,ILLEGAL_FISHING,11,7832.425740739723,0.0,11,7832.425740739723,0.42000000000000004,1.0,0.47767777777777765,0.1,0.0,0,0.25,0.4009,MEDIUM
259141000,SUNNY LADY,NOR,FISHING,,,1,85.41361111111111,0.0,0.0,0,1,1,11,3.85,0,0,11,0,ILLEGAL_FISHING,10,7842.351262625,0.0,10,7842.351262625,0.385,1.0,0.42706805555555555,0.1,0.0,0,0.25,0.3813,MEDIUM
257499000,GUNNAR LANGVA,NOR,OTHER_PURSE_SEINES,,,1,84.7277777777778,0.0,0.0,0,1,1,11,3.85,0,0,11,0,ILLEGAL_FISHING,10,7842.974747475,0.0,10,7842.974747475,0.385,1.0,0.423638888888889,0.1,0.0,0,0.25,0.3804,MEDIUM
257815000,LEINEBJOERN,NOR,OTHER_PURSE_SEINES,,,1,80.05499999999999,0.0,0.0,0,1,1,10,3.5,0,0,10,0,ILLEGAL_FISHING,9,7703.9505,0.0,9,7703.9505,0.35,1.0,0.40027499999999994,0.1,0.0,0,0.25,0.3676,MEDIUM
219030452,ASTRID,DNK,TRAWLERS,,,1,79.87944444444445,0.0,0.0,0,1,1,10,3.5,0,0,10,0,ILLEGAL_FISHING,9,7704.1085,0.0,9,7704.1085,0.35,1.0,0.39939722222222224,0.1,0.0,0,0.2,0.3598,MEDIUM
257064490,RAV,NOR,OTHER_PURSE_SEINES,,,1,71.84833333333334,0.0,0.0,0,1,1,9,3.15,0,0,9,0,ILLEGAL_FISHING,8,7616.134814815556,0.0,8,7616.134814815556,0.315,1.0,0.35924166666666674,0.1,0.0,0,0.25,0.3503,MEDIUM
258265000,NORDERVEG,NOR,OTHER_PURSE_SEINES,,,1,70.16944444444447,0.0,0.0,0,1,1,9,3.15,0,0,9,0,ILLEGAL_FISHING,8,7617.627160493334,0.0,8,7617.627160493334,0.315,1.0,0.3508472222222223,0.1,0.0,0,0.25,0.3482,MEDIUM
432936000,KOEI MARU NO.78,JPN,DRIFTING_LONGLINES,,,1,62.4211111111111,0.0,0.0,0,1,1,8,2.8,0,0,8,0,ILLEGAL_FISHING,7,7505.381527777778,0.0,7,7505.381527777778,0.27999999999999997,1.0,0.3121055555555555,0.1,0.0,0,0.35,0.3465,MEDIUM
211238930,Unknown,DEU,TRAWLERS,,,1,70.42666666666666,0.0,0.0,0,1,1,9,3.15,0,0,9,0,ILLEGAL_FISHING,8,7617.398518517778,0.0,8,7617.398518517778,0.315,1.0,0.3521333333333333,0.1,0.0,0,0.2,0.341,MEDIUM
258308000,BIRKELAND,NOR,INCONCLUSIVE,,,1,67.68499999999999,0.0,0.0,0,1,1,8,2.8,0,0,8,0,ILLEGAL_FISHING,7,7500.775625,0.0,7,7500.775625,0.27999999999999997,1.0,0.3384249999999999,0.1,0.0,0,0.25,0.3381,MEDIUM
259132000,STEINEVIK,NOR,FISHING,,,1,66.85611111111113,0.0,0.0,0,1,1,8,2.8,0,0,8,0,ILLEGAL_FISHING,7,7501.500902777778,0.0,7,7501.500902777778,0.27999999999999997,1.0,0.3342805555555557,0.1,0.0,0,0.25,0.3371,MEDIUM
259390000,Unknown,NOR,OTHER_PURSE_SEINES,,,1,65.1197222222222,0.0,0.0,0,1,1,8,2.8,0,0,8,0,ILLEGAL_FISHING,7,7503.0202430555555,0.0,7,7503.0202430555555,0.27999999999999997,1.0,0.325598611111111,0.1,0.0,0,0.25,0.3349,MEDIUM
259526000,MANON,NOR,OTHER_PURSE_SEINES,,,1,63.91611111111112,0.0,0.0,0,1,1,8,2.8,0,0,8,0,ILLEGAL_FISHING,7,7504.073402777778,0.0,7,7504.073402777778,0.27999999999999997,1.0,0.3195805555555556,0.1,0.0,0,0.25,0.3334,MEDIUM
257685800,M YTTERSTAD,NOR,OTHER_PURSE_SEINES,,,1,63.61805555555554,0.0,0.0,0,1,1,8,2.8,0,0,8,0,ILLEGAL_FISHING,7,7504.334201388889,0.0,7,7504.334201388889,0.27999999999999997,1.0,0.3180902777777777,0.1,0.0,0,0.25,0.333,MEDIUM
224273000,PEIXEMAR DOS,ESP,TRAWLERS,,,1,44.21888888888889,0.0,0.0,0,1,1,6,2.1,0,0,6,0,ILLEGAL_FISHING,5,7163.1509259263885,0.0,5,7163.1509259263885,0.21000000000000002,1.0,0.22109444444444445,0.1,0.0,0,0.45,0.3248,MEDIUM
431682000,CHOKYU MARU NO.11,JPN,DRIFTING_LONGLINES,,,1,50.01972222222223,0.0,0.0,0,1,1,6,2.1,0,0,6,0,ILLEGAL_FISHING,5,7158.3168981486115,0.0,5,7158.3168981486115,0.21000000000000002,1.0,0.25009861111111115,0.1,0.0,0,0.35,0.317,MEDIUM
257001650,Unknown,NOR,FISHING,,,1,52.68805555555556,0.0,0.0,0,1,1,7,2.45,0,0,7,0,ILLEGAL_FISHING,6,7442.838809523333,0.0,6,7442.838809523333,0.24500000000000002,1.0,0.2634402777777778,0.1,0.0,0,0.25,0.3124,MEDIUM
273443750,POLARIS,RUS,DRIFTING_LONGLINES,,,1,16.493611111111107,0.0,0.0,0,1,0,2,0.2,0,0,0,2,ILLEGAL_FISHING,1,4359.7531944444445,0.0,1,4359.7531944444445,0.02,1.0,0.08246805555555553,0.1,0.0,0,0.85,0.3121,MEDIUM
235000820,BRISAN,GBR,SET_GILLNETS,,,1,45.32166666666668,0.0,0.0,0,1,1,6,2.1,0,0,6,0,ILLEGAL_FISHING,5,7162.231944444445,0.0,5,7162.231944444445,0.21000000000000002,1.0,0.2266083333333334,0.1,0.0,0,0.25,0.2962,MEDIUM
257566000,Unknown,NOR,OTHER_PURSE_SEINES,,,1,44.26083333333335,0.0,0.0,0,1,1,6,2.1,0,0,6,0,ILLEGAL_FISHING,5,7163.115972222222,0.0,5,7163.115972222222,0.21000000000000002,1.0,0.22130416666666675,0.1,0.0,0,0.25,0.2948,MEDIUM
311071800,HAVILA COMMANDER,BHS,OTHER_PURSE_SEINES,,,1,21.754166666666666,0.0,0.0,0,1,1,3,1.05,0,0,3,0,ILLEGAL_FISHING,2,5793.497222222222,0.0,2,5793.497222222222,0.10500000000000001,1.0,0.10877083333333333,0.1,0.0,0,0.55,0.2907,MEDIUM
258637000,ROGNE,NOR,OTHER_PURSE_SEINES,,,1,41.97138888888889,0.0,0.0,0,1,1,5,1.75,0,0,5,0,ILLEGAL_FISHING,4,6974.422888888889,0.0,4,6974.422888888889,0.175,1.0,0.20985694444444444,0.1,0.0,0,0.25,0.285,MEDIUM
258654000,KINGS BAY,NOR,OTHER_PURSE_SEINES,,,1,41.956388888888895,0.0,0.0,0,1,1,5,1.75,0,0,5,0,ILLEGAL_FISHING,4,6974.434888888889,0.0,4,6974.434888888889,0.175,1.0,0.20978194444444448,0.1,0.0,0,0.25,0.2849,MEDIUM
257250000,ROEDHOLMEN,NOR,FISHING,,,1,41.458333333333336,0.0,0.0,0,1,1,5,1.75,0,0,5,0,ILLEGAL_FISHING,4,6974.833333333333,0.0,4,6974.833333333333,0.175,1.0,0.20729166666666668,0.1,0.0,0,0.25,0.2843,MEDIUM
232006590,EDER SANDS,GBR,FISHING,,,1,39.704444444444455,0.0,0.0,0,1,1,5,1.75,0,0,5,0,ILLEGAL_FISHING,4,6976.236444444445,0.0,4,6976.236444444445,0.175,1.0,0.19852222222222227,0.1,0.0,0,0.25,0.2821,MEDIUM
431893000,TOEI MARU NO.8,JPN,DRIFTING_LONGLINES,,,1,31.58527777777779,0.0,0.0,0,1,1,4,1.4,0,0,4,0,ILLEGAL_FISHING,3,6528.311041666667,0.0,3,6528.311041666667,0.13999999999999999,1.0,0.15792638888888896,0.1,0.0,0,0.35,0.28,MEDIUM
432990000,FUKUEI MARU NO.58,JPN,DRIFTING_LONGLINES,,,1,30.539999999999996,0.0,0.0,0,1,1,4,1.4,0,0,4,0,ILLEGAL_FISHING,3,6529.095,0.0,3,6529.095,0.13999999999999999,1.0,0.15269999999999997,0.1,0.0,0,0.35,0.2787,MEDIUM
246274000,Unknown,NLD,TRAWLERS,,,1,42.73194444444445,0.0,0.0,0,1,1,5,1.75,0,0,5,0,ILLEGAL_FISHING,4,6973.814444444444,0.0,4,6973.814444444444,0.175,1.0,0.21365972222222226,0.1,0.0,0,0.2,0.2784,MEDIUM
250003397,WESTERN VIKING,IRL,TRAWLERS,,,1,36.64722222222222,0.0,0.0,0,1,1,5,1.75,0,0,5,0,ILLEGAL_FISHING,4,6978.682222222223,0.0,4,6978.682222222223,0.175,1.0,0.1832361111111111,0.1,0.0,0,0.25,0.2783,MEDIUM
232047253,ALTAIRE,GBR,TRAWLERS,,,1,36.2575,0.0,0.0,0,1,1,5,1.75,0,0,5,0,ILLEGAL_FISHING,4,6978.994,0.0,4,6978.994,0.175,1.0,0.1812875,0.1,0.0,0,0.25,0.2778,MEDIUM
432856000,Unknown,JPN,DRIFTING_LONGLINES,,,1,29.66444444444445,0.0,0.0,0,1,1,4,1.4,0,0,4,0,ILLEGAL_FISHING,3,6529.751666666667,0.0,3,6529.751666666667,0.13999999999999999,1.0,0.14832222222222224,0.1,0.0,0,0.35,0.2776,MEDIUM
311000082,REM CETUS,BHS,OTHER_PURSE_SEINES,,,1,18.28722222222222,0.0,0.0,0,1,0,2,0.2,0,0,0,2,ILLEGAL_FISHING,1,4358.856388888889,0.0,1,4358.856388888889,0.02,1.0,0.09143611111111109,0.1,0.0,0,0.55,0.2694,MEDIUM
431101240,ISOMAE MARU NO.21,JPN,DRIFTING_LONGLINES,,,1,27.985000000000003,0.0,0.0,0,1,1,3,1.05,0,0,3,0,ILLEGAL_FISHING,2,5789.343333333333,0.0,2,5789.343333333333,0.10500000000000001,1.0,0.13992500000000002,0.1,0.0,0,0.35,0.2685,MEDIUM
257138000,SMARAGD,NOR,OTHER_PURSE_SEINES,,,1,29.52194444444445,0.0,0.0,0,1,1,4,1.4,0,0,4,0,ILLEGAL_FISHING,3,6529.8585416666665,0.0,3,6529.8585416666665,0.13999999999999999,1.0,0.14760972222222224,0.1,0.0,0,0.25,0.2624,MEDIUM
257327000,MALENE S,NOR,OTHER_PURSE_SEINES,,,1,26.949444444444435,0.0,0.0,0,1,1,3,1.05,0,0,3,0,ILLEGAL_FISHING,2,5790.033703703889,0.0,2,5790.033703703889,0.10500000000000001,1.0,0.13474722222222218,0.1,0.0,0,0.25,0.2522,MEDIUM
258425000,FISKESKJER,NOR,OTHER_PURSE_SEINES,,,1,25.383611111111108,0.0,0.0,0,1,1,3,1.05,0,0,3,0,ILLEGAL_FISHING,2,5791.077592592777,0.0,2,5791.077592592777,0.10500000000000001,1.0,0.12691805555555555,0.1,0.0,0,0.25,0.2502,MEDIUM
432306000,TAIWAMARU NO.78,JPN,DRIFTING_LONGLINES,,,1,17.63,0.0,0.0,0,1,0,2,0.2,0,0,0,2,ILLEGAL_FISHING,1,4359.185,0.0,1,4359.185,0.02,1.0,0.08814999999999999,0.1,0.0,0,0.35,0.2385,LOW
431749000,KOEI MARU NO.6,JPN,DRIFTING_LONGLINES,,,1,14.229722222222222,0.0,0.0,0,1,0,2,0.2,0,0,0,2,ILLEGAL_FISHING,1,4360.885138888889,0.0,1,4360.885138888889,0.02,1.0,0.0711486111111111,0.1,0.0,0,0.35,0.2343,LOW
258116000,OLA RYGGEFJORD,NOR,FISHING,,,1,17.48472222222222,0.0,0.0,0,1,0,2,0.2,0,0,0,2,ILLEGAL_FISHING,1,4359.257638888889,0.0,1,4359.257638888889,0.02,1.0,0.0874236111111111,0.1,0.0,0,0.25,0.2234,LOW
258217000,KROSSFJORD,NOR,FISHING,,,1,16.924722222222222,0.0,0.0,0,1,0,2,0.2,0,0,0,2,ILLEGAL_FISHING,1,4359.537638888889,0.0,1,4359.537638888889,0.02,1.0,0.08462361111111111,0.1,0.0,0,0.25,0.2227,LOW
259374000,Unknown,NOR,OTHER_PURSE_SEINES,,,1,16.368611111111107,0.0,0.0,0,1,0,2,0.2,0,0,0,2,ILLEGAL_FISHING,1,4359.8156944444445,0.0,1,4359.8156944444445,0.02,1.0,0.08184305555555554,0.1,0.0,0,0.25,0.222,LOW
258019000,VEA,NOR,OTHER_PURSE_SEINES,,,1,16.0575,0.0,0.0,0,1,0,2,0.2,0,0,0,2,ILLEGAL_FISHING,1,4359.97125,0.0,1,4359.97125,0.02,1.0,0.08028750000000001,0.1,0.0,0,0.25,0.2216,LOW
257127990,SELVAAG SENIOR,NOR,OTHER_PURSE_SEINES,,,1,14.046666666666667,0.0,0.0,0,1,0,2,0.2,0,0,0,2,ILLEGAL_FISHING,1,4360.9766666666665,0.0,1,4360.9766666666665,0.02,1.0,0.07023333333333333,0.1,0.0,0,0.25,0.2191,LOW
224047640,CACHACHO,ESP,TRAWLERS,,,1,4.233611111111111,0.0,0.0,0,1,0,1,0.1,0,0,0,1,ILLEGAL_FISHING,0,0.0,0.0,0,0.0,0.01,0.0,0.021168055555555555,0.1,0.0,0,0.45,0.0848,LOW
231869000,RAN,FRO,TRAWLERS,,,1,11.51638888888889,0.0,0.0,0,1,0,1,0.1,0,0,0,1,ILLEGAL_FISHING,0,0.0,0.0,0,0.0,0.01,0.0,0.05758194444444445,0.1,0.0,0,0.3,0.0714,LOW
431802000,SHOSHINMARU NO80,JPN,DRIFTING_LONGLINES,,,1,5.467777777777778,0.0,0.0,0,1,0,1,0.1,0,0,0,1,ILLEGAL_FISHING,0,0.0,0.0,0,0.0,0.01,0.0,0.027338888888888892,0.1,0.0,0,0.35,0.0713,LOW
226347000,SCOMBRUS,FRA,TRAWLERS,,,1,3.1533333333333333,0.0,0.0,0,1,0,1,0.1,0,0,0,1,ILLEGAL_FISHING,0,0.0,0.0,0,0.0,0.01,0.0,0.015766666666666665,0.1,0.0,0,0.35,0.0684,LOW
431588000,CHOKYU MARU NO.87,JPN,DRIFTING_LONGLINES,,,1,1.2094444444444445,0.0,0.0,0,1,0,1,0.1,0,0,0,1,ILLEGAL_FISHING,0,0.0,0.0,0,0.0,0.01,0.0,0.006047222222222223,0.1,0.0,0,0.35,0.066,LOW
228378700,Unknown,FRA,TRAWLERS,,,1,0.23611111111111113,0.0,0.0,0,1,0,1,0.1,0,0,0,1,ILLEGAL_FISHING,0,0.0,0.0,0,0.0,0.01,0.0,0.0011805555555555556,0.1,0.0,0,0.35,0.0648,LOW
250102700,PACELLI,IRL,TRAWLERS,,,1,11.8,0.0,0.0,0,1,0,1,0.1,0,0,0,1,ILLEGAL_FISHING,0,0.0,0.0,0,0.0,0.01,0.0,0.059000000000000004,0.1,0.0,0,0.25,0.0642,LOW
232326000,Unknown,GBR,SET_LONGLINES,,,1,10.948888888888888,0.0,0.0,0,1,0,1,0.1,0,0,0,1,ILLEGAL_FISHING,0,0.0,0.0,0,0.0,0.01,0.0,0.05474444444444444,0.1,0.0,0,0.25,0.0632,LOW
259454000,BRENNHOLM,NOR,OTHER_PURSE_SEINES,,,1,10.536111111111111,0.0,0.0,0,1,0,1,0.1,0,0,0,1,ILLEGAL_FISHING,0,0.0,0.0,0,0.0,0.01,0.0,0.05268055555555556,0.1,0.0,0,0.25,0.0627,LOW
257180000,BOEMMELBAS,NOR,OTHER_PURSE_SEINES,,,1,10.498055555555554,0.0,0.0,0,1,0,1,0.1,0,0,0,1,ILLEGAL_FISHING,0,0.0,0.0,0,0.0,0.01,0.0,0.052490277777777775,0.1,0.0,0,0.25,0.0626,LOW
257097470,GEIR,NOR,SET_LONGLINES,,,1,9.395,0.0,0.0,0,1,0,1,0.1,0,0,0,1,ILLEGAL_FISHING,0,0.0,0.0,0,0.0,0.01,0.0,0.046974999999999996,0.1,0.0,0,0.25,0.0612,LOW
257852000,H.OESTERVOLD,NOR,PURSE_SEINES,,,1,7.79,0.0,0.0,0,1,0,1,0.1,0,0,0,1,ILLEGAL_FISHING,0,0.0,0.0,0,0.0,0.01,0.0,0.03895,0.1,0.0,0,0.25,0.0592,LOW
258013740,VIKINGBANK,NOR,TRAWLERS,,,1,7.212777777777777,0.0,0.0,0,1,0,1,0.1,0,0,0,1,ILLEGAL_FISHING,0,0.0,0.0,0,0.0,0.01,0.0,0.03606388888888889,0.1,0.0,0,0.25,0.0585,LOW
232023129,F/V TIGER`S 2,GBR,TRAWLERS,,,1,6.588611111111111,0.0,0.0,0,1,0,1,0.1,0,0,0,1,ILLEGAL_FISHING,0,0.0,0.0,0,0.0,0.01,0.0,0.03294305555555555,0.1,0.0,0,0.25,0.0577,LOW
259242000,STOREKNUT,NOR,FISHING,,,1,6.323333333333333,0.0,0.0,0,1,0,1,0.1,0,0,0,1,ILLEGAL_FISHING,0,0.0,0.0,0,0.0,0.01,0.0,0.03161666666666667,0.1,0.0,0,0.25,0.0574,LOW
219029579,RUTH,DNK,TRAWLERS,,,1,11.221944444444444,0.0,0.0,0,1,0,1,0.1,0,0,0,1,ILLEGAL_FISHING,0,0.0,0.0,0,0.0,0.01,0.0,0.05610972222222222,0.1,0.0,0,0.2,0.056,LOW
219030593,ISAFOLD,DNK,TRAWLERS,,,1,10.01361111111111,0.0,0.0,0,1,0,1,0.1,0,0,0,1,ILLEGAL_FISHING,0,0.0,0.0,0,0.0,0.01,0.0,0.05006805555555555,0.1,0.0,0,0.2,0.0545,LOW
257372000,OESTERBRIS,NOR,OTHER_PURSE_SEINES,,,1,3.946666666666667,0.0,0.0,0,1,0,1,0.1,0,0,0,1,ILLEGAL_FISHING,0,0.0,0.0,0,0.0,0.01,0.0,0.019733333333333335,0.1,0.0,0,0.25,0.0544,LOW
219731000,BEINUR,DNK,TRAWLERS,,,1,8.42611111111111,0.0,0.0,0,1,0,1,0.1,0,0,0,1,ILLEGAL_FISHING,0,0.0,0.0,0,0.0,0.01,0.0,0.04213055555555555,0.1,0.0,0,0.2,0.0525,LOW
232003486,ANTARES,GBR,FISHING,,,1,1.9041666666666666,0.0,0.0,0,1,0,1,0.1,0,0,0,1,ILLEGAL_FISHING,0,0.0,0.0,0,0.0,0.01,0.0,0.009520833333333333,0.1,0.0,0,0.25,0.0519,LOW
257032500,CHRISTINA E,NOR,OTHER_PURSE_SEINES,,,1,1.0686111111111112,0.0,0.0,0,1,0,1,0.1,0,0,0,1,ILLEGAL_FISHING,0,0.0,0.0,0,0.0,0.01,0.0,0.005343055555555556,0.1,0.0,0,0.25,0.0508,LOW
257521000,GERDA MARIE,NOR,FISHING,,,1,0.9447222222222222,0.0,0.0,0,1,0,1,0.1,0,0,0,1,ILLEGAL_FISHING,0,0.0,0.0,0,0.0,0.01,0.0,0.004723611111111112,0.1,0.0,0,0.25,0.0507,LOW
257120500,HAVGLANS,NOR,OTHER_PURSE_SEINES,,,1,0.5405555555555557,0.0,0.0,0,1,0,1,0.1,0,0,0,1,ILLEGAL_FISHING,0,0.0,0.0,0,0.0,0.01,0.0,0.0027027777777777783,0.1,0.0,0,0.25,0.0502,LOW
235060277,QUANTUS PD379,GBR,TRAWLERS,,,1,0.34055555555555556,0.0,0.0,0,1,0,1,0.1,0,0,0,1,ILLEGAL_FISHING,0,0.0,0.0,0,0.0,0.01,0.0,0.0017027777777777779,0.1,0.0,0,0.25,0.0499,LOW
257061650,STRAND SENIOR,NOR,OTHER_PURSE_SEINES,,,1,0.17,0.0,0.0,0,1,0,1,0.1,0,0,0,1,ILLEGAL_FISHING,0,0.0,0.0,0,0.0,0.01,0.0,0.0008500000000000001,0.1,0.0,0,0.25,0.0497,LOW
232025939,LUNAR BOW,GBR,TRAWLERS,,,1,0.16944444444444445,0.0,0.0,0,1,0,1,0.1,0,0,0,1,ILLEGAL_FISHING,0,0.0,0.0,0,0.0,0.01,0.0,0.0008472222222222223,0.1,0.0,0,0.25,0.0497,LOW
211313600,PESORSA DOS  (GNS),DEU,SET_LONGLINES,,,1,4.9975,0.0,0.0,0,1,0,1,0.1,0,0,0,1,ILLEGAL_FISHING,0,0.0,0.0,0,0.0,0.01,0.0,0.0249875,0.1,0.0,0,0.2,0.0482,LOW
211285880,ORTEGAL TRES,DEU,SET_LONGLINES,,,1,2.193888888888889,0.0,0.0,0,1,0,1,0.1,0,0,0,1,ILLEGAL_FISHING,0,0.0,0.0,0,0.0,0.01,0.0,0.010969444444444445,0.1,0.0,0,0.2,0.0447,LOW
